{"vertexNormalIndices":[0,0,0,1,1,1,2,2,2,3,3,3,4,4,4,3,3,3,5,5,5,6,6,6,0,0,0,7,7,7],"vertexNormals":[0,-1,0,0,-1,0,0,-1,-2.88361e-7,0,-1,0,0,-1,0,0,-1,0,0,-1,0,0,-1,0],"vertexPositionIndices":[0,5,3,1,0,3,7,9,6,10,15,13,11,10,13,0,4,5,1,2,0,7,8,9,10,14,15,11,12,10],"vertexPositions":[-44.89939,0.05830627,26.70965,-42.68512,0.05830746,41.70965,-44.8994,0.05830764,41.70965,-42.68511,0.05830627,26.70965,-44.89939,0.05830627,-0.7225266,-42.68511,0.05830627,-0.7225266,42.86183,0.05830496,26.30216,42.86181,0.05830061,41.30216,-42.68512,0.05830746,41.30216,-42.68511,0.05830627,26.30216,42.67119,0.05830627,26.70965,44.88545,0.05830746,41.70965,42.67117,0.05830764,41.70965,44.88547,0.05830627,26.70965,42.67119,0.05830627,-0.7225266,44.88547,0.05830627,-0.7225266],"vertexColors":[],"vertexColorIndices":[],"jointParents":{"Bone":null},"vertexUVIndices":[0,1,2,3,4,5,6,7,8,9,10,11,12,13,14,15,16,17,18,19,20,21,22,23,24,25,26,27,28,29],"vertexUVs":[0.05330681,0.8626151,0.06513917,0.6880214,0.06513917,0.8626151,0.06513911,0.9580835,0.05330681,0.8626151,0.06513917,0.8626151,2.708732,0.9698154,-1.871233,0.01333433,2.708734,0.01333367,0.05330681,0.8626151,0.06513917,0.6880214,0.06513917,0.8626151,0.06513911,0.9580835,0.05330681,0.8626151,0.06513917,0.8626151,0.05330681,0.8626151,0.05330669,0.6880213,0.06513917,0.6880214,0.06513911,0.9580835,0.05330675,0.9580835,0.05330681,0.8626151,2.708732,0.9698154,-1.871234,0.9698154,-1.871233,0.01333433,0.05330681,0.8626151,0.05330669,0.6880213,0.06513917,0.6880214,0.06513911,0.9580835,0.05330675,0.9580835,0.05330681,0.8626151]}
