{"vertexNormalIndices":[0,0,0,1,1,1,2,2,2,3,3,3,4,4,4,5,5,5],"vertexNormals":[0,-1,0,0,-1,-2.88361e-7,0,-1,0,0,-1,0,0,-1,0,0,-1,0],"vertexPositionIndices":[1,2,3,5,7,4,9,10,11,1,0,2,5,6,7,9,8,10],"vertexPositions":[-44.8994,0.05830764,41.70965,-42.68512,0.05830746,41.70965,-44.89939,0.05830627,-31.0142,-42.68511,0.05830627,-31.0142,42.86183,0.05830496,26.30216,42.86181,0.05830061,41.30216,-42.68512,0.05830746,41.30216,-42.68511,0.05830627,26.30216,42.67117,0.05830764,41.70965,44.88545,0.05830746,41.70965,42.67119,0.05830627,-31.0142,44.88547,0.05830627,-31.0142],"vertexColors":[],"vertexColorIndices":[],"jointParents":{"Bone":null},"vertexUVIndices":[0,1,2,3,4,5,6,7,8,9,10,11,12,13,14,15,16,17],"vertexUVs":[0.06513917,0.8626151,0.05330669,0.6880213,0.06513917,0.6880214,2.708732,0.9698154,-1.871233,0.01333433,2.708734,0.01333367,0.06513917,0.8626151,0.05330669,0.6880213,0.06513917,0.6880214,0.06513917,0.8626151,0.05330681,0.8626151,0.05330669,0.6880213,2.708732,0.9698154,-1.871234,0.9698154,-1.871233,0.01333433,0.06513917,0.8626151,0.05330681,0.8626151,0.05330669,0.6880213]}
