{"vertexNormalIndices":[0,0,0,1,1,1,2,2,2,3,3,3,4,4,4,0,0,0,5,5,5,6,6,6,7,7,7,4,4,4],"vertexNormals":[0,-1,0,0,-1,-2.89454e-7,0,-1,0,0,-1,-2.97906e-7,0,-1,0,0,-1,0,0,-1,0,0,-1,-2.89087e-7],"vertexPositionIndices":[2,11,7,3,7,0,4,2,7,5,0,1,0,9,1,2,10,11,3,4,7,4,6,2,5,3,0,0,8,9],"vertexPositions":[35.99518,0.05830496,26.70965,37.68917,0.05830496,26.70965,-37.68916,0.05830627,26.70965,35.99515,0.05830061,41.70965,-35.83007,0.05830746,41.70965,37.68915,0.05830049,41.70965,-37.68917,0.05830764,41.70965,-35.83005,0.05830627,26.70965,35.99518,0.05830496,-0.7225263,37.68917,0.05830496,-0.7225263,-37.68916,0.05830627,-0.7225263,-35.83005,0.05830627,-0.7225263],"vertexColors":[],"vertexColorIndices":[],"jointParents":{"Bone":null}}
