{"vertexNormalIndices":[0,1,2,3,4,5,1,6,7,8,9,4,10,8,3,1,11,12,13,14,15,5,16,17,18,17,12,10,16,19,15,16,13,10,9,20,19,21,9,22,10,3,22,5,17,23,24,18,25,23,11,26,14,27,15,26,24,18,26,28,18,29,22,13,29,27,30,7,6,16,31,17,12,31,6,1,32,2,2,30,16,21,33,34,5,34,33,5,35,19,4,21,34,2,15,0,15,24,0,0,25,1,3,8,4,1,12,6,8,20,9,10,20,8,1,25,11,13,27,14,5,19,16,12,11,23,18,22,17,12,23,18,10,13,16,15,2,16,10,19,9,19,35,21,22,13,10,22,3,5,23,0,24,25,0,23,29,28,27,28,26,27,15,14,26,18,24,26,18,28,29,13,22,29,6,31,30,30,32,7,16,30,31,12,17,31,1,7,32,2,32,30,21,35,33,5,4,34,5,33,35,4,9,21],"vertexNormals":[0.1578441,0.07709085,0.9844502,-0.2435438,0.5958583,0.7652708,-0.2607595,-0.3937944,0.8814366,0.6830729,0.1380062,-0.717193,-0.5637241,-0.6948965,-0.4464685,-0.797869,-0.0900017,-0.5960747,-0.8359538,0.3990397,0.3767606,-0.8025128,0.1959358,0.5635444,0.7628527,-0.6322009,-0.1355654,-0.2324382,-0.4536756,0.8603203,0.3912606,-0.3868658,0.8350149,0.6799009,0.6213961,-0.3893606,-0.5481228,0.6993754,-0.4587324,0.3417558,-0.851948,0.3967211,0.9343093,-0.06503599,0.3504804,0.4040173,-0.2824581,0.8700503,-0.1534189,-0.4457603,0.8819073,-0.7695468,-0.3245128,-0.5499902,0.7566905,0.1214355,-0.6423965,-0.2692422,0.6817729,0.6802164,0.4464956,-0.2739402,0.8518208,-0.7151586,-0.2561484,0.6503356,0.8723926,-0.2313969,-0.4305655,0.8389486,0.03027522,-0.5433679,0.2152521,0.5606687,0.7995732,0.5735419,0.1811602,0.7988935,0.7396067,0.5798683,0.3416645,0.8152847,-0.4512845,0.3628404,0.8285446,0.5221894,0.2020699,0.911274,-0.3381227,0.2350592,-0.6468455,-0.6713521,0.3617696,-0.8574784,-0.3455123,0.3812507,-0.83705,-0.3543279,0.4168922,-0.8633521,0.4751504,0.1698688,-0.8550981,-0.4235205,0.2990615,-0.5927205,0.6913902,0.4131128],"vertexPositionIndices":[21,6,12,17,3,14,6,29,28,1,2,3,15,1,17,6,5,7,10,22,13,14,8,9,18,9,7,15,8,16,13,8,10,15,2,0,16,34,2,11,15,17,11,14,9,20,19,18,4,20,5,25,22,23,13,25,19,18,25,26,18,24,11,10,24,23,31,28,29,8,30,9,7,30,29,6,27,12,12,31,8,34,32,33,14,33,32,14,35,16,3,34,33,12,13,21,13,19,21,21,4,6,17,1,3,6,7,29,1,0,2,15,0,1,6,4,5,10,23,22,14,16,8,7,5,20,18,11,9,7,20,18,15,10,8,13,12,8,15,16,2,16,35,34,11,10,15,11,17,14,20,21,19,4,21,20,24,26,23,26,25,23,13,22,25,18,19,25,18,26,24,10,11,24,29,30,31,31,27,28,8,31,30,7,9,30,6,28,27,12,27,31,34,35,32,14,3,33,14,32,35,3,2,34],"vertexPositions":[9.13724,-8.441002,16.42844,21.40076,-14.86361,-6.043671,-8.205769,-8.477887,16.43557,-20.89053,-15.02145,-6.189342,9.193512,9.071981,20.0153,21.39018,15.35777,-6.241027,-8.214997,9.1348,20.02372,-20.91537,15.55163,-6.224918,-5.169699,-2.668061,15.12361,-23.00105,-2.229995,-7.516958,12.32366,-2.860654,14.46453,21.41224,-3.935491,-6.678593,-7.146565,1.508543,21.19001,11.80308,1.287835,20.92481,-20.98055,-5.485781,-6.357476,8.379414,-3.666539,13.62816,-8.332114,-3.142496,15.43783,20.89326,-7.531758,-10.6343,21.35365,5.993031,-6.578738,10.51145,5.281824,20.46234,21.42121,10.51972,-6.419772,5.929622,6.301643,19.05932,16.08014,1.73341,15.37579,16.35935,-0.7306554,11.60713,21.72446,-1.105398,-0.4456169,15.25643,4.204691,15.03962,21.67695,4.809314,-0.3727903,-13.11554,2.72943,17.00121,-13.74988,7.065863,16.38793,-21.05705,11.21178,1.681342,-22.16477,0.9264541,0.9901357,-11.9815,0.2096481,13.39752,-21.50366,-6.041234,-2.828486,-21.52686,-12.82521,-2.748916,-12.34281,-7.719856,13.13712,-12.3451,-3.757639,12.25144],"vertexColors":[0.9294118,0.9490196,1,0.9058824,0.9254902,1,0.8235294,0.8470588,0.8862745,0.4784314,0.4862745,0.4431372,0.4745098,0.4862745,0.4509804,0.4431372,0.4549019,0.4156863,0.9058824,0.9254902,1,0.6156863,0.6392157,0.6235294,0.7607843,0.7843137,0.8156863,0.5215687,0.5372549,0.4941176,0.772549,0.7960785,0.8235294,0.4745098,0.4901961,0.4509804,0.9098039,0.9294118,0.9960784,0.5215687,0.5372549,0.4941176,0.4784314,0.4862745,0.4431372,0.9058824,0.9254902,1,0.6509804,0.6588236,0.6784314,0.4823529,0.4980392,0.4588235,0.8352941,0.8588235,0.9019608,0.8745098,0.8901961,0.9568628,0.9058824,0.9254902,0.9882353,0.4431372,0.4549019,0.4196078,0.8156863,0.8431373,0.8784314,0.4470588,0.4588235,0.4235294,0.5176471,0.5294118,0.4862745,0.4470588,0.4588235,0.4235294,0.4823529,0.4980392,0.4588235,0.9098039,0.9294118,0.9960784,0.8156863,0.8392157,0.8784314,0.8509804,0.8745098,0.9254902,0.9058824,0.9254902,0.9882353,0.8156863,0.8431373,0.8784314,0.8352941,0.8588235,0.9019608,0.9098039,0.9294118,0.9960784,0.772549,0.8,0.8235294,0.8509804,0.8745098,0.9254902,0.8509804,0.8745098,0.9254902,0.7215687,0.7450981,0.7568628,0.772549,0.7960785,0.8235294,0.4980392,0.509804,0.4666666,0.9098039,0.9294118,0.9960784,0.4784314,0.4862745,0.4431372,0.4980392,0.509804,0.4666666,0.4431372,0.4549019,0.4156863,0.4470588,0.4588235,0.4235294,0.5019608,0.509804,0.4705882,0.9490196,0.9647059,1,0.4901961,0.4980392,0.4588235,0.9607843,0.9764706,1,0.5019608,0.509804,0.4705882,0.6509804,0.6588236,0.6784314,0.9058824,0.9215686,1,0.8745098,0.8901961,0.9568628,0.8313726,0.8509804,0.9019608,0.9058824,0.9254902,0.9882353,0.9058824,0.9215686,1,0.9490196,0.9647059,1,0.4901961,0.4980392,0.4588235,0.9058824,0.9215686,1,0.8352941,0.8509804,0.9098039,0.4901961,0.4980392,0.4588235,0.7764706,0.7921569,0.8313726,0.4980392,0.509804,0.4666666,0.8352941,0.8588235,0.9019608,0.7764706,0.7921569,0.8313726,0.8313726,0.8509804,0.9019608,0.6470589,0.6745098,0.6588236,0.7607843,0.7843137,0.8156863,0.6156863,0.6392157,0.6235294,0.8156863,0.8431373,0.8784314,0.5686275,0.5960785,0.5568628,0.4470588,0.4588235,0.4235294,0.4823529,0.4980392,0.4588235,0.5686275,0.5960785,0.5568628,0.6156863,0.6392157,0.6235294,0.9058824,0.9254902,1,0.7254902,0.7529412,0.7647059,0.8235294,0.8470588,0.8862745,0.8235294,0.8470588,0.8862745,0.6470589,0.6745098,0.6588236,0.8156863,0.8431373,0.8784314,0.7215687,0.7450981,0.7568628,0.5764706,0.6,0.5725491,0.5568628,0.5803922,0.5411765,0.4431372,0.4549019,0.4156863,0.5568628,0.5803922,0.5411765,0.5764706,0.6,0.5725491,0.4431372,0.4549019,0.4156863,0.7764706,0.7960785,0.8352941,0.8509804,0.8745098,0.9254902,0.4745098,0.4862745,0.4509804,0.7215687,0.7450981,0.7568628,0.5568628,0.5803922,0.5411765,0.8235294,0.8470588,0.8862745,0.9058824,0.9254902,0.9882353,0.9294118,0.9490196,1,0.9058824,0.9254902,0.9882353,0.9490196,0.9647059,1,0.9294118,0.9490196,1,0.9294118,0.9490196,1,0.9607843,0.9764706,1,0.9058824,0.9254902,1,0.4784314,0.4862745,0.4431372,0.5215687,0.5372549,0.4941176,0.4745098,0.4862745,0.4509804,0.9058824,0.9254902,1,0.4823529,0.4980392,0.4588235,0.6156863,0.6392157,0.6235294,0.5215687,0.5372549,0.4941176,0.8509804,0.8745098,0.9254902,0.772549,0.7960785,0.8235294,0.9098039,0.9294118,0.9960784,0.8509804,0.8745098,0.9254902,0.5215687,0.5372549,0.4941176,0.9058824,0.9254902,1,0.9607843,0.9764706,1,0.6509804,0.6588236,0.6784314,0.8352941,0.8588235,0.9019608,0.8313726,0.8509804,0.9019608,0.8745098,0.8901961,0.9568628,0.4431372,0.4549019,0.4196078,0.8509804,0.8745098,0.9254902,0.8156863,0.8431373,0.8784314,0.4823529,0.4980392,0.4588235,0.6509804,0.6588236,0.6784314,0.5019608,0.509804,0.4705882,0.5176471,0.5294118,0.4862745,0.4980392,0.509804,0.4666666,0.4470588,0.4588235,0.4235294,0.4823529,0.4980392,0.4588235,0.5019608,0.509804,0.4705882,0.5176471,0.5294118,0.4862745,0.9098039,0.9294118,0.9960784,0.8352941,0.8588235,0.9019608,0.8156863,0.8392157,0.8784314,0.9058824,0.9254902,0.9882353,0.8235294,0.8470588,0.8862745,0.8156863,0.8431373,0.8784314,0.9098039,0.9294118,0.9960784,0.8509804,0.8745098,0.9254902,0.772549,0.8,0.8235294,0.8509804,0.8745098,0.9254902,0.7764706,0.7960785,0.8352941,0.7215687,0.7450981,0.7568628,0.4980392,0.509804,0.4666666,0.8352941,0.8588235,0.9019608,0.9098039,0.9294118,0.9960784,0.4980392,0.509804,0.4666666,0.4784314,0.4862745,0.4431372,0.4431372,0.4549019,0.4156863,0.5019608,0.509804,0.4705882,0.9294118,0.9490196,1,0.9490196,0.9647059,1,0.9607843,0.9764706,1,0.9294118,0.9490196,1,0.5019608,0.509804,0.4705882,0.7764706,0.7921569,0.8313726,0.8352941,0.8509804,0.9098039,0.8313726,0.8509804,0.9019608,0.8352941,0.8509804,0.9098039,0.9058824,0.9215686,1,0.8313726,0.8509804,0.9019608,0.9058824,0.9254902,