{
    "vertices": [-1000.0, 999.999939, -1000.000122, -1000.0, 1000.000122, 999.999939, -1000.0, -999.999939, 1000.000122, -1000.0, 1000.000122, 999.999939, 1000.0, 1000.000122, 999.999939, 1000.0, -999.999939, 1000.000122, 1000.0, 1000.000122, 999.999939, 1000.0, 999.999939, -1000.000122, 1000.0, -1000.000122, -999.999939, 1000.0, 999.999939, -1000.000122, -1000.0, 999.999939, -1000.000122, -1000.0, -1000.000122, -999.999939, 1000.0, 999.999939, -1000.000122, 1000.0, 1000.000122, 999.999939, -1000.0, 1000.000122, 999.999939, -1000.0, -1000.000122, -999.999939, -1000.0, -999.999939, 1000.000122, 1000.0, -999.999939, 1000.000122, -1000.0, -1000.000122, -999.999939, -1000.0, 999.999939, -1000.000122, -1000.0, -999.999939, 1000.000122, -1000.0, -999.999939, 1000.000122, -1000.0, 1000.000122, 999.999939, 1000.0, -999.999939, 1000.000122, 1000.0, -999.999939, 1000.000122, 1000.0, 1000.000122, 999.999939, 1000.0, -1000.000122, -999.999939, 1000.0, -1000.000122, -999.999939, 1000.0, 999.999939, -1000.000122, -1000.0, -1000.000122, -999.999939, -1000.0, 999.999939, -1000.000122, 1000.0, 999.999939, -1000.000122, -1000.0, 1000.000122, 999.999939, 1000.0, -1000.000122, -999.999939, -1000.0, -1000.000122, -999.999939, 1000.0, -999.999939, 1000.000122],

    "normals": [0.577349, -0.577349, 0.577349, 0.577349, -0.577349, -0.577349, 0.577349, 0.577349, -0.577349, 0.577349, -0.577349, -0.577349, -0.577349, -0.577349, -0.577349, -0.577349, 0.577349, -0.577349, -0.577349, -0.577349, -0.577349, -0.577349, -0.577349, 0.577349, -0.577349, 0.577349, 0.577349, -0.577349, -0.577349, 0.577349, 0.577349, -0.577349, 0.577349, 0.577349, 0.577349, 0.577349, -0.577349, -0.577349, 0.577349, -0.577349, -0.577349, -0.577349, 0.577349, -0.577349, -0.577349, 0.577349, 0.577349, 0.577349, 0.577349, 0.577349, -0.577349, -0.577349, 0.577349, -0.577349, 0.577349, 0.577349, 0.577349, 0.577349, -0.577349, 0.577349, 0.577349, 0.577349, -0.577349, 0.577349, 0.577349, -0.577349, 0.577349, -0.577349, -0.577349, -0.577349, 0.577349, -0.577349, -0.577349, 0.577349, -0.577349, -0.577349, -0.577349, -0.577349, -0.577349, 0.577349, 0.577349, -0.577349, 0.577349, 0.577349, -0.577349, -0.577349, 0.577349, 0.577349, 0.577349, 0.577349, 0.577349, -0.577349, 0.577349, -0.577349, -0.577349, 0.577349, 0.577349, -0.577349, -0.577349, -0.577349, 0.577349, 0.577349, 0.577349, 0.577349, 0.577349, -0.577349, 0.577349, -0.577349],

    "colors": [],

    "uvs": [0.333578, 0.499511, 0.666422, 0.499511, 0.666422, 0.000245, 0.666422, 0.999266, 0.666422, 0.5, 0.333578, 0.5, 0.333089, 0.5, 0.000245, 0.5, 0.000245, 0.999266, 0.333089, 0.000245, 0.000245, 0.000245, 0.000245, 0.499511, 0.999755, 0.499511, 0.999755, 0.000245, 0.666911, 0.000245, 0.666911, 0.5, 0.666911, 0.999266, 0.999755, 0.999266, 0.333578, 0.000245, 0.333578, 0.499511, 0.666422, 0.000245, 0.333578, 0.999266, 0.666422, 0.999266, 0.333578, 0.5, 0.333089, 0.999266, 0.333089, 0.5, 0.000245, 0.999266, 0.333089, 0.499511, 0.333089, 0.000245, 0.000245, 0.499511, 0.666911, 0.499511, 0.999755, 0.499511, 0.666911, 0.000245, 0.999755, 0.5, 0.666911, 0.5, 0.999755, 0.999266],

    "faces": [0, 1, 2, 3, 4, 5, 6, 7, 8, 9, 10, 11, 12, 13, 14, 15, 16, 17, 18, 19, 20, 21, 22, 23, 24, 25, 26, 27, 28, 29, 30, 31, 32, 33, 34, 35],

    "bones": [],

    "boneWeights": [],

    "boneIndices": [],

    "animations": {}
}
